filename,readid,runid,exit_status,barcode,taxID,name,score,lineage
324212_1777,aa9a1b23-f738-4672-98b5-726721f67810,f9b53105df0f6e165aa09f824bd26cbcb4dfa93a,Classified,barcode02,590,Salmonella,1849,1:131567:2:1224:1236:91347:543:590
324212_1777,f1315a73-80aa-48a9-a8f0-ec3fa0a7713b,f9b53105df0f6e165aa09f824bd26cbcb4dfa93a,Classified,barcode02,287,Pseudomonas aeruginosa,1611,1:131567:2:1224:1236:72274:135621:286:136841:287
324212_1777,ecaeb343-1046-48eb-b88a-4cd8e6c4c627,f9b53105df0f6e165aa09f824bd26cbcb4dfa93a,Unclassified,barcode02,0,-,0,-
324212_1777,03467502-54fc-4171-8a75-75baded1c7f9,f9b53105df0f6e165aa09f824bd26cbcb4dfa93a,Classified,barcode02,287,Pseudomonas aeruginosa,3872,1:131567:2:1224:1236:72274:135621:286:136841:287
324212_1777,f3138215-c706-4603-946e-e6f7f98012c5,f9b53105df0f6e165aa09f824bd26cbcb4dfa93a,Classified,barcode02,1351,Enterococcus faecalis,5727,1:131567:2:1783272:1239:91061:186826:81852:1350:1351
324212_1777,b92a5f24-5084-4715-8927-4589d9be6198,f9b53105df0f6e165aa09f824bd26cbcb4dfa93a,Unclassified,barcode02,0,-,0,-
324212_1777,1c98835f-1b32-4758-8ebb-b979dd5dc361,f9b53105df0f6e165aa09f824bd26cbcb4dfa93a,Classified,barcode02,562,Escherichia coli,3202,1:131567:2:1224:1236:91347:543:561:562
324212_1777,ae719b4c-2243-498c-8527-faf00c011a3e,f9b53105df0f6e165aa09f824bd26cbcb4dfa93a,Classified,barcode02,1280,Staphylococcus aureus,144,1:131567:2:1783272:1239:91061:1385:90964:1279:1280
324212_1777,7d50700f-d29a-4ea7-875d-61f6c6b433f6,f9b53105df0f6e165aa09f824bd26cbcb4dfa93a,Classified,barcode02,59201,Salmonella enterica subsp. enterica,2607,1:131567:2:1224:1236:91347:543:590:28901:59201
324212_1777,0a1a865c-1709-4071-8bbd-9f81ad11af2f,f9b53105df0f6e165aa09f824bd26cbcb4dfa93a,Classified,barcode02,1351,Enterococcus faecalis,1766,1:131567:2:1783272:1239:91061:186826:81852:1350:1351
324212_1777,d873e26e-02ad-4da4-b15f-953b5bab2a00,f9b53105df0f6e165aa09f824bd26cbcb4dfa93a,Classified,barcode02,1386,Bacillus,16246,1:131567:2:1783272:1239:91061:1385:186817:1386
324212_1777,35287f0b-ac08-41e1-8210-3267bbbac11a,f9b53105df0f6e165aa09f824bd26cbcb4dfa93a,Classified,barcode02,320497,Neoasaia chiangmaiensis,121,1:131567:2:1224:28211:204441:433:320496:320497
324212_1777,69aeeaea-302b-47ee-986e-3b6ddf834c55,f9b53105df0f6e165aa09f824bd26cbcb4dfa93a,Classified,barcode02,562,Escherichia coli,545,1:131567:2:1224:1236:91347:543:561:562
324212_1777,d737cef5-2ddc-4702-9745-a195efefa5ff,f9b53105df0f6e165aa09f824bd26cbcb4dfa93a,Classified,barcode02,1454647,Salmonella enterica subsp. enterica serovar Typhimurium str. USDA-ARS-USMARC-1810,2601,1:131567:2:1224:1236:91347:543:590:28901:59201:90371:1454647
324212_1777,df95b134-6407-4f87-9b07-aa4f2ebd9748,f9b53105df0f6e165aa09f824bd26cbcb4dfa93a,Unclassified,barcode02,0,-,0,-
324212_1777,b4062338-27b7-4c90-94cb-dfe5cb96cd9c,f9b53105df0f6e165aa09f824bd26cbcb4dfa93a,Classified,barcode02,1280,Staphylococcus aureus,8798,1:131567:2:1783272:1239:91061:1385:90964:1279:1280
324212_1777,270f877a-0f45-4c83-b251-ef6f4c317bd6,f9b53105df0f6e165aa09f824bd26cbcb4dfa93a,Classified,barcode02,1386,Bacillus,12546,1:131567:2:1783272:1239:91061:1385:186817:1386
324212_1777,e7f886d8-bcf3-42ec-9eb0-8eb085db7d20,f9b53105df0f6e165aa09f824bd26cbcb4dfa93a,Classified,barcode02,938142,Salmonella enterica subsp. enterica serovar Choleraesuis str. ATCC 10708,3962,1:131567:2:1224:1236:91347:543:590:28901:59201:119912:938142
324212_1777,7142c7e9-a3b0-403f-ab0f-c085a94772c2,f9b53105df0f6e165aa09f824bd26cbcb4dfa93a,Classified,barcode02,287,Pseudomonas aeruginosa,2971,1:131567:2:1224:1236:72274:135621:286:136841:287
324212_1777,a3632aac-7882-4865-8af7-9b423ed33b4e,f9b53105df0f6e165aa09f824bd26cbcb4dfa93a,Classified,barcode02,286,Pseudomonas,5305,1:131567:2:1224:1236:72274:135621:286
324212_1777,e2145acd-2630-44b8-a6e0-174cddda4530,f9b53105df0f6e165aa09f824bd26cbcb4dfa93a,Classified,barcode02,1351,Enterococcus faecalis,1058,1:131567:2:1783272:1239:91061:186826:81852:1350:1351
324212_1777,8d1aff48-e00d-4019-b2e8-4a94b2d4c764,f9b53105df0f6e165aa09f824bd26cbcb4dfa93a,Classified,barcode02,1613,Limosilactobacillus fermentum,6737,1:131567:2:1783272:1239:91061:186826:33958:2742598:1613
324212_1777,838e3e86-2662-46f5-8b97-baab1e8103dc,f9b53105df0f6e165aa09f824bd26cbcb4dfa93a,Classified,barcode02,1280,Staphylococcus aureus,1184,1:131567:2:1783272:1239:91061:1385:90964:1279:1280
324212_1777,33a383f2-b364-4803-bb93-de07e867e69f,f9b53105df0f6e165aa09f824bd26cbcb4dfa93a,Classified,barcode02,1386,Bacillus,6911,1:131567:2:1783272:1239:91061:1385:186817:1386
324212_1777,ea234ea2-bfdd-4054-a787-aa912aa3cda5,f9b53105df0f6e165aa09f824bd26cbcb4dfa93a,Classified,barcode02,1280,Staphylococcus aureus,2500,1:131567:2:1783272:1239:91061:1385:90964:1279:1280
324212_1777,e814e2f1-965b-4c9d-b50d-bdde906841fe,f9b53105df0f6e165aa09f824bd26cbcb4dfa93a,Classified,barcode02,562,Escherichia coli,196,1:131567:2:1224:1236:91347:543:561:562
324212_1777,2cf77f29-5e43-4d75-9594-bc76392483f4,f9b53105df0f6e165aa09f824bd26cbcb4dfa93a,Classified,barcode02,562,Escherichia coli,2401,1:131567:2:1224:1236:91347:543:561:562
324212_1777,28497655-659f-4f2c-8a46-2e0877369589,f9b53105df0f6e165aa09f824bd26cbcb4dfa93a,Classified,barcode02,1613,Limosilactobacillus fermentum,4808,1:131567:2:1783272:1239:91061:186826:33958:2742598:1613
324212_1777,839eed6e-3969-48df-be9a-cbc5ebbb8651,f9b53105df0f6e165aa09f824bd26cbcb4dfa93a,Classified,barcode02,590,Salmonella,324,1:131567:2:1224:1236:91347:543:590
324212_1777,e19b4bbc-eb10-461c-b301-f757681f65af,f9b53105df0f6e165aa09f824bd26cbcb4dfa93a,Classified,barcode02,562,Escherichia coli,1424,1:131567:2:1224:1236:91347:543:561:562
324212_1777,c4980472-aa69-4525-8515-82df2fd10393,f9b53105df0f6e165aa09f824bd26cbcb4dfa93a,Classified,barcode02,286,Pseudomonas,1346,1:131567:2:1224:1236:72274:135621:286
324212_1777,fcb1bf9c-72c4-4bb0-b6f8-a98f7fe985a0,f9b53105df0f6e165aa09f824bd26cbcb4dfa93a,Classified,barcode02,1351,Enterococcus faecalis,709,1:131567:2:1783272:1239:91061:186826:81852:1350:1351
324212_1777,e4db8f7b-0ba6-43f7-816a-0b054fd959a9,f9b53105df0f6e165aa09f824bd26cbcb4dfa93a,Classified,barcode02,1613,Limosilactobacillus fermentum,2710,1:131567:2:1783272:1239:91061:186826:33958:2742598:1613
324212_1777,91dd54e0-8ddd-4970-b01c-15171b60f068,f9b53105df0f6e165aa09f824bd26cbcb4dfa93a,Classified,barcode02,1351,Enterococcus faecalis,8628,1:131567:2:1783272:1239:91061:186826:81852:1350:1351
324212_1777,4f6c882b-9c72-410f-aefb-c8acfd3abafe,f9b53105df0f6e165aa09f824bd26cbcb4dfa93a,Classified,barcode02,1279,Staphylococcus,441,1:131567:2:1783272:1239:91061:1385:90964:1279
324212_1777,d299904f-0dd9-470b-a3e1-f7a2ffb8c9aa,f9b53105df0f6e165aa09f824bd26cbcb4dfa93a,Classified,barcode02,1639,Listeria monocytogenes,1637,1:131567:2:1783272:1239:91061:1385:186820:1637:1639
324212_1777,ae045389-d322-4b42-a201-7d2553133649,f9b53105df0f6e165aa09f824bd26cbcb4dfa93a,Classified,barcode02,985002,Staphylococcus argenteus,288,1:131567:2:1783272:1239:91061:1385:90964:1279:985002
324212_1777,de4c71d8-f9ab-4eed-9288-35f7ba7867d9,f9b53105df0f6e165aa09f824bd26cbcb4dfa93a,Classified,barcode02,286,Pseudomonas,2116,1:131567:2:1224:1236:72274:135621:286
324212_1777,077b954c-67c1-487c-a187-bae6b54c0d70,f9b53105df0f6e165aa09f824bd26cbcb4dfa93a,Classified,barcode02,562,Escherichia coli,1594,1:131567:2:1224:1236:91347:543:561:562
324212_1777,127cff29-6267-4ffc-9018-356f4a4be156,f9b53105df0f6e165aa09f824bd26cbcb4dfa93a,Classified,barcode02,1386,Bacillus,12750,1:131567:2:1783272:1239:91061:1385:186817:1386
324212_1777,bcb1692a-6084-423e-a21e-ab216dbff282,f9b53105df0f6e165aa09f824bd26cbcb4dfa93a,Classified,barcode02,28901,Salmonella enterica,10338,1:131567:2:1224:1236:91347:543:590:28901
324212_1777,e908beb1-59f4-41b0-987a-9427a5facaa3,f9b53105df0f6e165aa09f824bd26cbcb4dfa93a,Classified,barcode02,562,Escherichia coli,1600,1:131567:2:1224:1236:91347:543:561:562
324212_1777,ec89fb2e-ce03-419d-9f08-45f7ee5fd369,f9b53105df0f6e165aa09f824bd26cbcb4dfa93a,Unclassified,barcode02,0,-,0,-
324212_1777,175ef3ab-8650-4c76-ad82-e1df057fc3e1,f9b53105df0f6e165aa09f824bd26cbcb4dfa93a,Classified,barcode02,562,Escherichia coli,2285,1:131567:2:1224:1236:91347:543:561:562
324212_1777,80b1f2a6-b963-4404-8e9a-01fdc53c544a,f9b53105df0f6e165aa09f824bd26cbcb4dfa93a,Classified,barcode02,1386,Bacillus,7734,1:131567:2:1783272:1239:91061:1385:186817:1386
324212_1777,696d6f75-dfdd-47f2-b169-a2b78e21c266,f9b53105df0f6e165aa09f824bd26cbcb4dfa93a,Classified,barcode02,287,Pseudomonas aeruginosa,3767,1:131567:2:1224:1236:72274:135621:286:136841:287
324212_1777,0f843e50-33b0-4b5b-8d10-6920829403ba,f9b53105df0f6e165aa09f824bd26cbcb4dfa93a,Classified,barcode02,1386,Bacillus,13899,1:131567:2:1783272:1239:91061:1385:186817:1386
324212_1777,3165c762-dce8-496c-81d5-05c7140f16b7,f9b53105df0f6e165aa09f824bd26cbcb4dfa93a,Classified,barcode02,59201,Salmonella enterica subsp. enterica,6509,1:131567:2:1224:1236:91347:543:590:28901:59201
324212_1777,051505ed-e304-4f54-876e-75a1ca51597e,f9b53105df0f6e165aa09f824bd26cbcb4dfa93a,Classified,barcode02,1639,Listeria monocytogenes,10625,1:131567:2:1783272:1239:91061:1385:186820:1637:1639
324212_1777,901d93c4-3b60-4b2e-abde-85f31823d01e,f9b53105df0f6e165aa09f824bd26cbcb4dfa93a,Classified,barcode02,1351,Enterococcus faecalis,4815,1:131567:2:1783272:1239:91061:186826:81852:1350:1351
324212_1777,b935fea6-eba2-49bc-9b71-cd20357b45f0,f9b53105df0f6e165aa09f824bd26cbcb4dfa93a,Classified,barcode02,1280,Staphylococcus aureus,3844,1:131567:2:1783272:1239:91061:1385:90964:1279:1280
324212_1777,104b1a5f-a12a-48e3-89c8-aa99f4c48c16,f9b53105df0f6e165aa09f824bd26cbcb4dfa93a,Classified,barcode02,562,Escherichia coli,3145,1:131567:2:1224:1236:91347:543:561:562
324212_1777,c4af1864-b281-4755-af2b-e2a49d539a9f,f9b53105df0f6e165aa09f824bd26cbcb4dfa93a,Classified,barcode02,562,Escherichia coli,21257,1:131567:2:1224:1236:91347:543:561:562
324212_1777,df72732f-b65d-4abb-b425-14b08c49c060,f9b53105df0f6e165aa09f824bd26cbcb4dfa93a,Classified,barcode02,1351,Enterococcus faecalis,3189,1:131567:2:1783272:1239:91061:186826:81852:1350:1351
324212_1777,3cc63bd8-bb69-4135-890e-ce699b161041,f9b53105df0f6e165aa09f824bd26cbcb4dfa93a,Classified,barcode02,1280,Staphylococcus aureus,784,1:131567:2:1783272:1239:91061:1385:90964:1279:1280
324212_1777,e92471f7-5a0f-4851-82e0-8dccd3645a5e,f9b53105df0f6e165aa09f824bd26cbcb4dfa93a,Classified,barcode02,1639,Listeria monocytogenes,6698,1:131567:2:1783272:1239:91061:1385:186820:1637:1639
324212_1777,34d624da-c317-4e1c-8d9d-3a284081e986,f9b53105df0f6e165aa09f824bd26cbcb4dfa93a,Classified,barcode02,1280,Staphylococcus aureus,13048,1:131567:2:1783272:1239:91061:1385:90964:1279:1280
324212_1777,cfcfa29a-8fa4-4867-9f52-08e9f4996551,f9b53105df0f6e165aa09f824bd26cbcb4dfa93a,Classified,barcode02,1386,Bacillus,1022,1:131567:2:1783272:1239:91061:1385:186817:1386
324212_1777,29f1beca-2498-41ef-a8ba-8488d6965295,f9b53105df0f6e165aa09f824bd26cbcb4dfa93a,Classified,barcode02,1351,Enterococcus faecalis,1361,1:131567:2:1783272:1239:91061:186826:81852:1350:1351
324212_1777,f4fbeb35-59ec-4211-bb5e-4d79641cd8a0,f9b53105df0f6e165aa09f824bd26cbcb4dfa93a,Classified,barcode02,1351,Enterococcus faecalis,6906,1:131567:2:1783272:1239:91061:186826:81852:1350:1351
324212_1777,e6a2e612-9160-4e92-8ccf-ea28990d9300,f9b53105df0f6e165aa09f824bd26cbcb4dfa93a,Classified,barcode02,1613,Limosilactobacillus fermentum,1037,1:131567:2:1783272:1239:91061:186826:33958:2742598:1613
324212_1777,4308177c-d6a3-4370-8aa5-696130f2dbb1,f9b53105df0f6e165aa09f824bd26cbcb4dfa93a,Classified,barcode02,1280,Staphylococcus aureus,1600,1:131567:2:1783272:1239:91061:1385:90964:1279:1280
324212_1777,2a1a0d35-b6cb-4205-8e2e-095be78d7ce5,f9b53105df0f6e165aa09f824bd26cbcb4dfa93a,Classified,barcode02,1386,Bacillus,1422,1:131567:2:1783272:1239:91061:1385:186817:1386
324212_1777,d9e2a1fa-854c-4b48-9e5e-9233d12e1659,f9b53105df0f6e165aa09f824bd26cbcb4dfa93a,Classified,barcode02,1386,Bacillus,4320,1:131567:2:1783272:1239:91061:1385:186817:1386
324212_1777,6399a6b3-576a-4a83-b21f-9ef1647c571d,f9b53105df0f6e165aa09f824bd26cbcb4dfa93a,Classified,barcode02,334390,Lactobacillus fermentum IFO 3956,4630,1:131567:2:1783272:1239:91061:186826:33958:2742598:1613:334390
324212_1777,c55fc1b5-984c-4188-b5e3-bd21539d609c,f9b53105df0f6e165aa09f824bd26cbcb4dfa93a,Classified,barcode02,287,Pseudomonas aeruginosa,1958,1:131567:2:1224:1236:72274:135621:286:136841:287
324212_1777,25731a57-f8a3-4376-87f5-3e45db5cda7d,f9b53105df0f6e165aa09f824bd26cbcb4dfa93a,Classified,barcode02,1351,Enterococcus faecalis,4930,1:131567:2:1783272:1239:91061:186826:81852:1350:1351
324212_1777,67a68311-f99b-44c6-a299-366196d88e01,f9b53105df0f6e165aa09f824bd26cbcb4dfa93a,Classified,barcode02,1279,Staphylococcus,4356,1:131567:2:1783272:1239:91061:1385:90964:1279
324212_1777,494c944a-f97e-47e8-a0e1-fd447125e75f,f9b53105df0f6e165aa09f824bd26cbcb4dfa93a,Classified,barcode02,1639,Listeria monocytogenes,1220,1:131567:2:1783272:1239:91061:1385:186820:1637:1639
324212_1777,e618d3b3-97c7-4624-9f52-7496565ed18b,f9b53105df0f6e165aa09f824bd26cbcb4dfa93a,Classified,barcode02,1613,Limosilactobacillus fermentum,3370,1:131567:2:1783272:1239:91061:186826:33958:2742598:1613
324212_1777,39cd63da-20df-4bb5-ba71-bc97f52369dc,f9b53105df0f6e165aa09f824bd26cbcb4dfa93a,Classified,barcode02,562,Escherichia coli,25795,1:131567:2:1224:1236:91347:543:561:562
324212_1777,d8add6e9-ce95-4d6c-82f1-5cc90c13db30,f9b53105df0f6e165aa09f824bd26cbcb4dfa93a,Classified,barcode02,1280,Staphylococcus aureus,1160,1:131567:2:1783272:1239:91061:1385:90964:1279:1280
324212_1777,ab6eb212-6ac4-4e36-90da-be5d8c27952e,f9b53105df0f6e165aa09f824bd26cbcb4dfa93a,Classified,barcode02,1386,Bacillus,1670,1:131567:2:1783272:1239:91061:1385:186817:1386
324212_1777,e8f2adeb-61e9-42fe-99f1-c635c438b81a,f9b53105df0f6e165aa09f824bd26cbcb4dfa93a,Classified,barcode02,1279,Staphylococcus,441,1:131567:2:1783272:1239:91061:1385:90964:1279
324212_1777,89234056-16da-41f6-b290-26e77739c768,f9b53105df0f6e165aa09f824bd26cbcb4dfa93a,Classified,barcode02,1280,Staphylococcus aureus,4905,1:131567:2:1783272:1239:91061:1385:90964:1279:1280
324212_1777,3a1d839d-ecda-4667-a7b3-cb046040a0d8,f9b53105df0f6e165aa09f824bd26cbcb4dfa93a,Classified,barcode02,1386,Bacillus,38517,1:131567:2:1783272:1239:91061:1385:186817:1386
324212_1777,823d6a1a-335a-4a56-a815-e1fb1ef81223,f9b53105df0f6e165aa09f824bd26cbcb4dfa93a,Classified,barcode02,1386,Bacillus,7958,1:131567:2:1783272:1239:91061:1385:186817:1386
324212_1777,aabb0c50-fc2c-460f-b411-ecff371fada7,f9b53105df0f6e165aa09f824bd26cbcb4dfa93a,Classified,barcode02,543,Enterobacteriaceae,625,1:131567:2:1224:1236:91347:543
324212_1777,04fef398-f8fc-47a5-bc72-9fc8fce15148,f9b53105df0f6e165aa09f824bd26cbcb4dfa93a,Classified,barcode02,2577863,"Salmonella enterica subsp. salamae serovar 56:z10:e,n,x",2525,1:131567:2:1224:1236:91347:543:590:28901:59202:2577863
324212_1777,518c68ae-6eee-4bd7-86fa-8320020e750e,f9b53105df0f6e165aa09f824bd26cbcb4dfa93a,Classified,barcode02,287,Pseudomonas aeruginosa,1250,1:131567:2:1224:1236:72274:135621:286:136841:287
324212_1777,88ddc7c5-d87d-4946-aaa3-703c523d0d58,f9b53105df0f6e165aa09f824bd26cbcb4dfa93a,Classified,barcode02,1386,Bacillus,15883,1:131567:2:1783272:1239:91061:1385:186817:1386
324212_1777,2a861713-c019-4347-9091-3532e761f4a1,f9b53105df0f6e165aa09f824bd26cbcb4dfa93a,Classified,barcode02,1280,Staphylococcus aureus,2553,1:131567:2:1783272:1239:91061:1385:90964:1279:1280
324212_1777,9e4d5092-ac5f-4bd6-a237-5a0c75e8f963,f9b53105df0f6e165aa09f824bd26cbcb4dfa93a,Classified,barcode02,1639,Listeria monocytogenes,1205,1:131567:2:1783272:1239:91061:1385:186820:1637:1639
324212_1777,bc0c9caa-5f01-4ef3-881d-7f9de1ab29cc,f9b53105df0f6e165aa09f824bd26cbcb4dfa93a,Classified,barcode02,287,Pseudomonas aeruginosa,6027,1:131567:2:1224:1236:72274:135621:286:136841:287
324212_1777,bf9eff2c-416b-4454-aa7d-e4ab9ae7f2d3,f9b53105df0f6e165aa09f824bd26cbcb4dfa93a,Classified,barcode02,559292,Saccharomyces cerevisiae S288C,6852,1:131567:2759:33154:4751:451864:4890:716545:147537:4891:4892:4893:4930:4932:559292
324212_1777,0fe97bf4-b6e2-4664-8b72-e396b5b021ce,f9b53105df0f6e165aa09f824bd26cbcb4dfa93a,Classified,barcode02,1280,Staphylococcus aureus,1369,1:131567:2:1783272:1239:91061:1385:90964:1279:1280
324212_1777,cca39cbc-d979-4405-a6f6-3ee5f004afb4,f9b53105df0f6e165aa09f824bd26cbcb4dfa93a,Classified,barcode02,59201,Salmonella enterica subsp. enterica,5468,1:131567:2:1224:1236:91347:543:590:28901:59201
324212_1777,ea48fe02-9e2c-4f19-90a1-6cd87fca0c13,f9b53105df0f6e165aa09f824bd26cbcb4dfa93a,Classified,barcode02,562,Escherichia coli,625,1:131567:2:1224:1236:91347:543:561:562
324212_1777,c370830c-afe5-45c2-936e-fae84d8acfbc,f9b53105df0f6e165aa09f824bd26cbcb4dfa93a,Classified,barcode02,1351,Enterococcus faecalis,3834,1:131567:2:1783272:1239:91061:186826:81852:1350:1351
324212_1777,77be0334-8864-4e59-a593-7403cfb6462b,f9b53105df0f6e165aa09f824bd26cbcb4dfa93a,Unclassified,barcode02,0,-,0,-
324212_1777,83c06c54-223c-47d0-a40d-ad34032c5d63,f9b53105df0f6e165aa09f824bd26cbcb4dfa93a,Classified,barcode02,1386,Bacillus,4006,1:131567:2:1783272:1239:91061:1385:186817:1386
324212_1777,5f1f3ff3-c3b9-423d-a90c-cc7ec69a0004,f9b53105df0f6e165aa09f824bd26cbcb4dfa93a,Classified,barcode02,1639,Listeria monocytogenes,7970,1:131567:2:1783272:1239:91061:1385:186820:1637:1639
324212_1777,8683eb14-1063-464e-9a2f-8f5110d1d8f3,f9b53105df0f6e165aa09f824bd26cbcb4dfa93a,Classified,barcode02,1242101,Salmonella enterica subsp. enterica serovar Johannesburg str. ST203,2000,1:131567:2:1224:1236:91347:543:590:28901:59201:913076:1242101
324212_1777,587c60a4-f0a1-4dad-9d05-5cfba04d219b,f9b53105df0f6e165aa09f824bd26cbcb4dfa93a,Classified,barcode02,287,Pseudomonas aeruginosa,2435,1:131567:2:1224:1236:72274:135621:286:136841:287
324212_1777,d6e60a0a-0325-4f79-90e8-9615a0ae80f4,f9b53105df0f6e165aa09f824bd26cbcb4dfa93a,Classified,barcode02,1351,Enterococcus faecalis,1187,1:131567:2:1783272:1239:91061:186826:81852:1350:1351
324212_1777,a43cb0f6-e7de-4d3e-bda6-4fe2fe5c4d60,f9b53105df0f6e165aa09f824bd26cbcb4dfa93a,Classified,barcode02,1639,Listeria monocytogenes,3455,1:131567:2:1783272:1239:91061:1385:186820:1637:1639
324212_1777,9b546ca6-fbdc-40ec-ba29-2932eaea047a,f9b53105df0f6e165aa09f824bd26cbcb4dfa93a,Unclassified,barcode02,0,-,0,-
324212_1777,59e9c787-4c43-445d-87a0-6280424667e8,f9b53105df0f6e165aa09f824bd26cbcb4dfa93a,Classified,barcode02,1639,Listeria monocytogenes,3136,1:131567:2:1783272:1239:91061:1385:186820:1637:1639
324212_1777,168ecead-6ee4-46f3-a277-4a81d3c67000,f9b53105df0f6e165aa09f824bd26cbcb4dfa93a,Classified,barcode02,1280,Staphylococcus aureus,4999,1:131567:2:1783272:1239:91061:1385:90964:1279:1280
324212_1777,40179b87-2fe9-4ef5-9109-5f82978a93e5,f9b53105df0f6e165aa09f824bd26cbcb4dfa93a,Classified,barcode02,1639,Listeria monocytogenes,5929,1:131567:2:1783272:1239:91061:1385:186820:1637:1639
324212_1777,2edc4e34-204f-4ee3-89c6-3fe5d980469d,f9b53105df0f6e165aa09f824bd26cbcb4dfa93a,Unclassified,barcode02,0,-,0,-
324212_1777,9309d480-d712-4fe1-b6aa-249256a254c6,f9b53105df0f6e165aa09f824bd26cbcb4dfa93a,Classified,barcode02,1280,Staphylococcus aureus,1199,1:131567:2:1783272:1239:91061:1385:90964:1279:1280
324212_1777,7426b1f3-b268-4d82-973e-fda7b37ab55a,f9b53105df0f6e165aa09f824bd26cbcb4dfa93a,Unclassified,barcode02,0,-,0,-
324212_1777,e21f4890-9bdc-4ee3-91e2-a5f9bd8fec88,f9b53105df0f6e165aa09f824bd26cbcb4dfa93a,Classified,barcode02,622,Shigella dysenteriae,676,1:131567:2:1224:1236:91347:543:620:622
324212_1777,101df33f-fbff-4e4a-b59a-66ed737d3e35,f9b53105df0f6e165aa09f824bd26cbcb4dfa93a,Classified,barcode02,1639,Listeria monocytogenes,7111,1:131567:2:1783272:1239:91061:1385:186820:1637:1639
324212_1777,bd0d63a7-f535-4ee3-9e7a-a86a68134814,f9b53105df0f6e165aa09f824bd26cbcb4dfa93a,Classified,barcode02,1639,Listeria monocytogenes,6522,1:131567:2:1783272:1239:91061:1385:186820:1637:1639
324212_1777,83db8fc9-957b-4527-8039-844a9486d9f8,f9b53105df0f6e165aa09f824bd26cbcb4dfa93a,Classified,barcode02,562,Escherichia coli,3625,1:131567:2:1224:1236:91347:543:561:562
324212_1777,e76e38ec-5912-4835-879b-e7df2b5d9f99,f9b53105df0f6e165aa09f824bd26cbcb4dfa93a,Classified,barcode02,1639,Listeria monocytogenes,12148,1:131567:2:1783272:1239:91061:1385:186820:1637:1639
324212_1777,5ad90efa-b4c9-4662-880b-f82f493fc28c,f9b53105df0f6e165aa09f824bd26cbcb4dfa93a,Classified,barcode02,1280,Staphylococcus aureus,1313,1:131567:2:1783272:1239:91061:1385:90964:1279:1280
324212_1777,feface05-18bf-4447-a361-72883484b03a,f9b53105df0f6e165aa09f824bd26cbcb4dfa93a,Classified,barcode02,562,Escherichia coli,1250,1:131567:2:1224:1236:91347:543:561:562
324212_1777,4f0866a8-970f-4fb4-81bb-d8e56dd587ed,f9b53105df0f6e165aa09f824bd26cbcb4dfa93a,Classified,barcode02,1351,Enterococcus faecalis,1814,1:131567:2:1783272:1239:91061:186826:81852:1350:1351
324212_1777,f976e5fd-4334-46cb-b72e-7b79ef81a0a2,f9b53105df0f6e165aa09f824bd26cbcb4dfa93a,Classified,barcode02,543,Enterobacteriaceae,784,1:131567:2:1224:1236:91347:543
324212_1777,59586c02-9642-4a4c-b4c0-db9edb56b915,f9b53105df0f6e165aa09f824bd26cbcb4dfa93a,Classified,barcode02,1613,Limosilactobacillus fermentum,5402,1:131567:2:1783272:1239:91061:186826:33958:2742598:1613
324212_1777,6522ec80-455e-419d-94c5-301f2ac1ae93,f9b53105df0f6e165aa09f824bd26cbcb4dfa93a,Classified,barcode02,559292,Saccharomyces cerevisiae S288C,8031,1:131567:2759:33154:4751:451864:4890:716545:147537:4891:4892:4893:4930:4932:559292
324212_1777,bde3421c-9c19-4ef1-a49c-b99d3bd46ce7,f9b53105df0f6e165aa09f824bd26cbcb4dfa93a,Unclassified,barcode02,0,-,0,-
324212_1777,85c0bf61-d963-4f7b-97f7-e1f525f3c1c7,f9b53105df0f6e165aa09f824bd26cbcb4dfa93a,Classified,barcode03,108619,Salmonella enterica subsp. enterica serovar Newport,3793,1:131567:2:1224:1236:91347:543:590:28901:59201:108619
324212_1777,c519970f-5722-48d0-a9de-83ba02765ee2,f9b53105df0f6e165aa09f824bd26cbcb4dfa93a,Classified,barcode03,1639,Listeria monocytogenes,1789,1:131567:2:1783272:1239:91061:1385:186820:1637:1639
324212_1777,b1919384-63ac-4f69-9228-df8e8d5ac37f,f9b53105df0f6e165aa09f824bd26cbcb4dfa93a,Classified,barcode03,1351,Enterococcus faecalis,14503,1:131567:2:1783272:1239:91061:186826:81852:1350:1351
324212_1777,56aa1037-10b3-478a-b55a-5f98f26d6416,f9b53105df0f6e165aa09f824bd26cbcb4dfa93a,Classified,barcode03,28901,Salmonella enterica,4881,1:131567:2:1224:1236:91347:543:590:28901
324212_1777,b95a22eb-9ac6-43dc-8d46-79eedeb1294d,f9b53105df0f6e165aa09f824bd26cbcb4dfa93a,Classified,barcode03,1280,Staphylococcus aureus,6085,1:131567:2:1783272:1239:91061:1385:90964:1279:1280
324212_1777,17a880d3-a3da-4912-b854-99c3f444d305,f9b53105df0f6e165aa09f824bd26cbcb4dfa93a,Classified,barcode03,1280,Staphylococcus aureus,900,1:131567:2:1783272:1239:91061:1385:90964:1279:1280
324212_1777,6dc656a7-6f6f-4edd-a8c4-242ac39de969,f9b53105df0f6e165aa09f824bd26cbcb4dfa93a,Classified,barcode03,1280,Staphylococcus aureus,3625,1:131567:2:1783272:1239:91061:1385:90964:1279:1280
324212_1777,90a205fd-526e-452e-a309-5e538fb6cc33,f9b53105df0f6e165aa09f824bd26cbcb4dfa93a,Classified,barcode03,1280,Staphylococcus aureus,5725,1:131567:2:1783272:1239:91061:1385:90964:1279:1280
324212_1777,03856fb6-fe3a-4b3f-b9cc-845ecb66c6fb,f9b53105df0f6e165aa09f824bd26cbcb4dfa93a,Classified,barcode03,1351,Enterococcus faecalis,9557,1:131567:2:1783272:1239:91061:186826:81852:1350:1351
324212_1777,8a74d804-5e23-4786-8738-287e5a51efec,f9b53105df0f6e165aa09f824bd26cbcb4dfa93a,Classified,barcode03,1613,Limosilactobacillus fermentum,2005,1:131567:2:1783272:1239:91061:186826:33958:2742598:1613
324212_1777,d2b75ce1-2ac4-4ced-bea2-ee4df65799c1,f9b53105df0f6e165aa09f824bd26cbcb4dfa93a,Classified,barcode03,1639,Listeria monocytogenes,2658,1:131567:2:1783272:1239:91061:1385:186820:1637:1639
324212_1777,9f882991-fc63-45d1-bd3b-ea1d3e0dc0af,f9b53105df0f6e165aa09f824bd26cbcb4dfa93a,Classified,barcode03,1351,Enterococcus faecalis,14443,1:131567:2:1783272:1239:91061:186826:81852:1350:1351
324212_1777,448bff4c-45ec-4712-9190-011f9874432b,f9b53105df0f6e165aa09f824bd26cbcb4dfa93a,Classified,barcode03,562,Escherichia coli,1272,1:131567:2:1224:1236:91347:543:561:562
324212_1777,a2c09109-e03d-4d4d-a4ba-b9989cd5cc8f,f9b53105df0f6e165aa09f824bd26cbcb4dfa93a,Classified,barcode03,59201,Salmonella enterica subsp. enterica,1936,1:131567:2:1224:1236:91347:543:590:28901:59201
324212_1777,0f698b8c-f783-4b1f-952d-2014695134b5,f9b53105df0f6e165aa09f824bd26cbcb4dfa93a,Classified,barcode03,1351,Enterococcus faecalis,1995,1:131567:2:1783272:1239:91061:186826:81852:1350:1351
324212_1777,2d40c8e7-aff5-4c28-869a-6a7dca795a3c,f9b53105df0f6e165aa09f824bd26cbcb4dfa93a,Classified,barcode03,1613,Limosilactobacillus fermentum,5062,1:131567:2:1783272:1239:91061:186826:33958:2742598:1613
324212_1777,7f69492d-b971-4cd9-8549-cebb6d0732b6,f9b53105df0f6e165aa09f824bd26cbcb4dfa93a,Classified,barcode03,1639,Listeria monocytogenes,724,1:131567:2:1783272:1239:91061:1385:186820:1637:1639
324212_1777,160fa484-489c-4e7f-aad9-d8ed82849d16,f9b53105df0f6e165aa09f824bd26cbcb4dfa93a,Classified,barcode03,28901,Salmonella enterica,2194,1:131567:2:1224:1236:91347:543:590:28901
324212_1777,e369ca60-0406-477a-8988-ecb254ba5705,f9b53105df0f6e165aa09f824bd26cbcb4dfa93a,Classified,barcode03,1386,Bacillus,21164,1:131567:2:1783272:1239:91061:1385:186817:1386
324212_1777,5b501f6c-334b-4cbe-beae-e06d6c8ee20f,f9b53105df0f6e165aa09f824bd26cbcb4dfa93a,Classified,barcode03,938142,Salmonella enterica subsp. enterica serovar Choleraesuis str. ATCC 10708,7338,1:131567:2:1224:1236:91347:543:590:28901:59201:119912:938142
324212_1777,d64d486f-f34f-43aa-a506-dbeb0b77163e,f9b53105df0f6e165aa09f824bd26cbcb4dfa93a,Unclassified,barcode03,0,-,0,-
324212_1777,751dfd8b-462a-43e0-b15b-8b8afe8bdbbd,f9b53105df0f6e165aa09f824bd26cbcb4dfa93a,Classified,barcode03,1280,Staphylococcus aureus,529,1:131567:2:1783272:1239:91061:1385:90964:1279:1280
324212_1777,6f3b0ca8-2db6-43bd-a5e0-50043945b9cb,f9b53105df0f6e165aa09f824bd26cbcb4dfa93a,Classified,barcode03,28901,Salmonella enterica,1465,1:131567:2:1224:1236:91347:543:590:28901
324212_1777,32e5acc1-ae42-4d8d-a703-48ffb89ffa5b,f9b53105df0f6e165aa09f824bd26cbcb4dfa93a,Classified,barcode03,1639,Listeria monocytogenes,4898,1:131567:2:1783272:1239:91061:1385:186820:1637:1639
324212_1777,e3435775-b079-45cc-844a-ec4462051d6d,f9b53105df0f6e165aa09f824bd26cbcb4dfa93a,Classified,barcode03,1280,Staphylococcus aureus,2916,1:131567:2:1783272:1239:91061:1385:90964:1279:1280
324212_1777,cf908ea5-15f8-406d-9bf6-9b920bd0119b,f9b53105df0f6e165aa09f824bd26cbcb4dfa93a,Classified,barcode03,1613,Limosilactobacillus fermentum,2413,1:131567:2:1783272:1239:91061:186826:33958:2742598:1613
324212_1777,42f6fb0b-2df2-4666-900d-0b57de17a6da,f9b53105df0f6e165aa09f824bd26cbcb4dfa93a,Classified,barcode03,1280,Staphylococcus aureus,3508,1:131567:2:1783272:1239:91061:1385:90964:1279:1280
324212_1777,cfac81f8-cacb-4f77-a1c3-b5e6ed667dd4,f9b53105df0f6e165aa09f824bd26cbcb4dfa93a,Classified,barcode03,59202,Salmonella enterica subsp. salamae,225,1:131567:2:1224:1236:91347:543:590:28901:59202
324212_1777,f2571e84-ef18-47da-abb7-00dd294b9164,f9b53105df0f6e165aa09f824bd26cbcb4dfa93a,Classified,barcode03,562,Escherichia coli,2554,1:131567:2:1224:1236:91347:543:561:562
324212_1777,e1f2c308-96ce-4493-9364-1624f102418e,f9b53105df0f6e165aa09f824bd26cbcb4dfa93a,Classified,barcode03,1351,Enterococcus faecalis,2790,1:131567:2:1783272:1239:91061:186826:81852:1350:1351
324212_1777,339e347f-4f52-4fdd-b067-73c4ebb6f9de,f9b53105df0f6e165aa09f824bd26cbcb4dfa93a,Classified,barcode03,1386,Bacillus,10718,1:131567:2:1783272:1239:91061:1385:186817:1386
324212_1777,548c7257-c7c8-4467-8d40-0d70cf8247d3,f9b53105df0f6e165aa09f824bd26cbcb4dfa93a,Classified,barcode03,1386,Bacillus,13858,1:131567:2:1783272:1239:91061:1385:186817:1386
324212_1777,c9eb72f4-6a38-4fcb-bff9-2030af838c56,f9b53105df0f6e165aa09f824bd26cbcb4dfa93a,Classified,barcode03,1386,Bacillus,8557,1:131567:2:1783272:1239:91061:1385:186817:1386
324212_1777,e6d0df21-7fd3-4da9-bb41-a7445150e10b,f9b53105df0f6e165aa09f824bd26cbcb4dfa93a,Classified,barcode03,1613,Limosilactobacillus fermentum,4014,1:131567:2:1783272:1239:91061:186826:33958:2742598:1613
324212_1777,be96ce24-ea28-47db-bde2-200a7b354b1a,f9b53105df0f6e165aa09f824bd26cbcb4dfa93a,Classified,barcode03,1299291,Salmonella enterica subsp. houtenae str. CFSAN000552,441,1:131567:2:1224:1236:91347:543:590:28901:59205:1299291
324212_1777,7b4aa379-a872-4d15-9b98-84176c5c7de4,f9b53105df0f6e165aa09f824bd26cbcb4dfa93a,Classified,barcode03,938142,Salmonella enterica subsp. enterica serovar Choleraesuis str. ATCC 10708,5637,1:131567:2:1224:1236:91347:543:590:28901:59201:119912:938142
324212_1777,03f2d626-46d1-4bf5-9812-2f180e13e346,f9b53105df0f6e165aa09f824bd26cbcb4dfa93a,Classified,barcode03,1613,Limosilactobacillus fermentum,724,1:131567:2:1783272:1239:91061:186826:33958:2742598:1613
324212_1777,d3b12aa7-d640-4aea-966b-c3df20d614b2,f9b53105df0f6e165aa09f824bd26cbcb4dfa93a,Classified,barcode03,1613,Limosilactobacillus fermentum,8539,1:131567:2:1783272:1239:91061:186826:33958:2742598:1613
324212_1777,1a18a886-2362-42cd-9689-6de6510bdf12,f9b53105df0f6e165aa09f824bd26cbcb4dfa93a,Classified,barcode03,28901,Salmonella enterica,784,1:131567:2:1224:1236:91347:543:590:28901
324212_1777,6dc25b2e-0698-4365-9b23-1fa78e44ea09,f9b53105df0f6e165aa09f824bd26cbcb4dfa93a,Classified,barcode03,287,Pseudomonas aeruginosa,1508,1:131567:2:1224:1236:72274:135621:286:136841:287
324212_1777,1b49f00a-5a2d-41f4-b862-e57d348786bc,f9b53105df0f6e165aa09f824bd26cbcb4dfa93a,Classified,barcode03,1613,Limosilactobacillus fermentum,6084,1:131567:2:1783272:1239:91061:186826:33958:2742598:1613
324212_1777,da32f239-d39b-4f0f-91f7-5a6eb2b97465,f9b53105df0f6e165aa09f824bd26cbcb4dfa93a,Classified,barcode03,334390,Lactobacillus fermentum IFO 3956,2362,1:131567:2:1783272:1239:91061:186826:33958:2742598:1613:334390
324212_1777,edc5bda2-c701-4c1b-93e3-c53fce531554,f9b53105df0f6e165aa09f824bd26cbcb4dfa93a,Classified,barcode03,287,Pseudomonas aeruginosa,8061,1:131567:2:1224:1236:72274:135621:286:136841:287
324212_1777,49550850-ff2c-4c62-bd77-56acf493e8f8,f9b53105df0f6e165aa09f824bd26cbcb4dfa93a,Classified,barcode03,1351,Enterococcus faecalis,2146,1:131567:2:1783272:1239:91061:186826:81852:1350:1351
324212_1777,12f1e899-b74b-4658-bcd6-ffd646aaf84a,f9b53105df0f6e165aa09f824bd26cbcb4dfa93a,Classified,barcode03,1613,Limosilactobacillus fermentum,400,1:131567:2:1783272:1239:91061:186826:33958:2742598:1613
324212_1777,68531182-99af-4f57-8df9-3b5498045309,f9b53105df0f6e165aa09f824bd26cbcb4dfa93a,Classified,barcode03,119912,Salmonella enterica subsp. enterica serovar Choleraesuis,1157,1:131567:2:1224:1236:91347:543:590:28901:59201:119912
324212_1777,a4e58274-967f-434d-93f8-7a0ed0a08167,f9b53105df0f6e165aa09f824bd26cbcb4dfa93a,Classified,barcode03,1639,Listeria monocytogenes,794,1:131567:2:1783272:1239:91061:1385:186820:1637:1639
324212_1777,eb86e181-5611-4699-a3b7-83f2c267f25c,f9b53105df0f6e165aa09f824bd26cbcb4dfa93a,Classified,barcode03,119912,Salmonella enterica subsp. enterica serovar Choleraesuis,4109,1:131567:2:1224:1236:91347:543:590:28901:59201:119912
324212_1777,3d19e4ec-dc60-4c83-8b10-eb58968fa515,f9b53105df0f6e165aa09f824bd26cbcb4dfa93a,Classified,barcode03,562,Escherichia coli,1225,1:131567:2:1224:1236:91347:543:561:562
324212_1777,18a1c372-3d15-49d1-aae7-97e74d08dfea,f9b53105df0f6e165aa09f824bd26cbcb4dfa93a,Classified,barcode03,559292,Saccharomyces cerevisiae S288C,1634,1:131567:2759:33154:4751:451864:4890:716545:147537:4891:4892:4893:4930:4932:559292
324212_1777,5c62064f-4131-48d7-b4c2-5433b0565838,f9b53105df0f6e165aa09f824bd26cbcb4dfa93a,Classified,barcode03,1639,Listeria monocytogenes,3102,1:131567:2:1783272:1239:91061:1385:186820:1637:1639
324212_1777,9d1996bc-73a5-4fa5-abc6-8351716d7173,f9b53105df0f6e165aa09f824bd26cbcb4dfa93a,Unclassified,barcode03,0,-,0,-
324212_1777,5a9827be-d46d-415a-8cb3-37a362c955bc,f9b53105df0f6e165aa09f824bd26cbcb4dfa93a,Classified,barcode03,1639,Listeria monocytogenes,1508,1:131567:2:1783272:1239:91061:1385:186820:1637:1639
324212_1777,68d07948-69da-49de-b580-5fedbc90d3b4,f9b53105df0f6e165aa09f824bd26cbcb4dfa93a,Classified,barcode03,1381124,Lactobacillus fermentum 3872,5124,1:131567:2:1783272:1239:91061:186826:33958:2742598:1613:1381124
324212_1777,123ecd11-9fba-4fdd-8c2f-4e350b1f1bbd,f9b53105df0f6e165aa09f824bd26cbcb4dfa93a,Classified,barcode03,1639,Listeria monocytogenes,545,1:131567:2:1783272:1239:91061:1385:186820:1637:1639
324212_1777,131cd1de-fb5f-4938-bc63-ae1c227385e2,f9b53105df0f6e165aa09f824bd26cbcb4dfa93a,Classified,barcode03,559292,Saccharomyces cerevisiae S288C,2534,1:131567:2759:33154:4751:451864:4890:716545:147537:4891:4892:4893:4930:4932:559292
324212_1777,c7274ccb-29f7-4377-8b88-fda0b7bb0585,f9b53105df0f6e165aa09f824bd26cbcb4dfa93a,Classified,barcode03,562,Escherichia coli,1165,1:131567:2:1224:1236:91347:543:561:562
324212_1777,6c9e6c50-ac92-431e-b14e-15369bfee225,f9b53105df0f6e165aa09f824bd26cbcb4dfa93a,Classified,barcode03,1639,Listeria monocytogenes,7635,1:131567:2:1783272:1239:91061:1385:186820:1637:1639
324212_1777,3704715f-acf7-4d08-9975-7e8bc2baada5,f9b53105df0f6e165aa09f824bd26cbcb4dfa93a,Classified,barcode03,1639,Listeria monocytogenes,2461,1:131567:2:1783272:1239:91061:1385:186820:1637:1639
324212_1777,01c6c631-95bd-4f62-bf76-0e648d62bffb,f9b53105df0f6e165aa09f824bd26cbcb4dfa93a,Classified,barcode03,1639,Listeria monocytogenes,2997,1:131567:2:1783272:1239:91061:1385:186820:1637:1639
324212_1777,0bcc2b94-ed65-4314-a2a1-4b5897ffb164,f9b53105df0f6e165aa09f824bd26cbcb4dfa93a,Classified,barcode03,938142,Salmonella enterica subsp. enterica serovar Choleraesuis str. ATCC 10708,2896,1:131567:2:1224:1236:91347:543:590:28901:59201:119912:938142
324212_1777,372467cc-d383-4429-b747-0539fd89d69b,f9b53105df0f6e165aa09f824bd26cbcb4dfa93a,Classified,barcode03,1386,Bacillus,4277,1:131567:2:1783272:1239:91061:1385:186817:1386
324212_1777,8c00e044-abb1-483f-b450-c3c1fe53772a,f9b53105df0f6e165aa09f824bd26cbcb4dfa93a,Classified,barcode03,287,Pseudomonas aeruginosa,3600,1:131567:2:1224:1236:72274:135621:286:136841:287
324212_1777,173fa17a-b911-446e-a284-e6010939bde4,f9b53105df0f6e165aa09f824bd26cbcb4dfa93a,Classified,barcode03,287,Pseudomonas aeruginosa,2746,1:131567:2:1224:1236:72274:135621:286:136841:287
324212_1777,51f1463a-eb76-4387-907e-ed0c539215f3,f9b53105df0f6e165aa09f824bd26cbcb4dfa93a,Classified,barcode03,28901,Salmonella enterica,2050,1:131567:2:1224:1236:91347:543:590:28901
324212_1777,37b3ad7a-8eec-46e9-b7a8-c4bea6b0e897,f9b53105df0f6e165aa09f824bd26cbcb4dfa93a,Unclassified,barcode03,0,-,0,-
324212_1777,e504cb64-3984-4e96-be90-5333f249c594,f9b53105df0f6e165aa09f824bd26cbcb4dfa93a,Classified,barcode03,1386,Bacillus,11602,1:131567:2:1783272:1239:91061:1385:186817:1386
324212_1777,f3c1ff48-17e6-4cac-8123-60cfa768d990,f9b53105df0f6e165aa09f824bd26cbcb4dfa93a,Classified,barcode03,1386,Bacillus,23167,1:131567:2:1783272:1239:91061:1385:186817:1386
324212_1777,3382d476-e3d3-4aed-97d7-c3e413c1c40e,f9b53105df0f6e165aa09f824bd26cbcb4dfa93a,Classified,barcode03,1243602,Salmonella enterica subsp. salamae serovar 55:k:z39 str. 1315K,3481,1:131567:2:1224:1236:91347:543:590:28901:59202:1243601:1243602
324212_1777,f12cea12-89c6-4e63-bca5-363b35509daf,f9b53105df0f6e165aa09f824bd26cbcb4dfa93a,Classified,barcode03,1280,Staphylococcus aureus,6459,1:131567:2:1783272:1239:91061:1385:90964:1279:1280
324212_1777,eabf6b98-d0ce-49f2-8877-7bebdb8d0528,f9b53105df0f6e165aa09f824bd26cbcb4dfa93a,Classified,barcode03,1280,Staphylococcus aureus,365,1:131567:2:1783272:1239:91061:1385:90964:1279:1280
324212_1777,bb91c030-b9d4-4a50-99db-09c1013104cc,f9b53105df0f6e165aa09f824bd26cbcb4dfa93a,Classified,barcode03,1280,Staphylococcus aureus,576,1:131567:2:1783272:1239:91061:1385:90964:1279:1280
324212_1777,ce5569e2-986e-43e7-b748-297469dbeb8b,f9b53105df0f6e165aa09f824bd26cbcb4dfa93a,Classified,barcode03,1386,Bacillus,18908,1:131567:2:1783272:1239:91061:1385:186817:1386
324212_1777,0ad4438a-c213-444b-811e-403e3a030a5f,f9b53105df0f6e165aa09f824bd26cbcb4dfa93a,Unclassified,barcode03,0,-,0,-
324212_1777,c1f6bd24-123d-42fe-98cd-3632cd94b2c4,f9b53105df0f6e165aa09f824bd26cbcb4dfa93a,Classified,barcode03,1351,Enterococcus faecalis,2835,1:131567:2:1783272:1239:91061:186826:81852:1350:1351
324212_1777,f26a0907-1e21-4c6a-9a56-4cd89c78619c,f9b53105df0f6e165aa09f824bd26cbcb4dfa93a,Classified,barcode03,1613,Limosilactobacillus fermentum,6986,1:131567:2:1783272:1239:91061:186826:33958:2742598:1613
324212_1777,7061c677-f913-456b-bdab-eea56419147e,f9b53105df0f6e165aa09f824bd26cbcb4dfa93a,Classified,barcode03,1351,Enterococcus faecalis,2312,1:131567:2:1783272:1239:91061:186826:81852:1350:1351
324212_1777,875ce8c2-0513-4d26-bd0d-fce9c7916e94,f9b53105df0f6e165aa09f824bd26cbcb4dfa93a,Classified,barcode03,1280,Staphylococcus aureus,4634,1:131567:2:1783272:1239:91061:1385:90964:1279:1280
324212_1777,35d87dd8-5c24-43b6-9240-09aa804eda21,f9b53105df0f6e165aa09f824bd26cbcb4dfa93a,Classified,barcode03,287,Pseudomonas aeruginosa,9943,1:131567:2:1224:1236:72274:135621:286:136841:287
324212_1777,cd77aa46-9b42-41d9-a5ba-ba61cc768eb8,f9b53105df0f6e165aa09f824bd26cbcb4dfa93a,Classified,barcode03,287,Pseudomonas aeruginosa,1836,1:131567:2:1224:1236:72274:135621:286:136841:287
324212_1777,8dcfb8ad-860c-4ad4-8e37-f3e0ab59ae51,f9b53105df0f6e165aa09f824bd26cbcb4dfa93a,Classified,barcode03,1351,Enterococcus faecalis,9305,1:131567:2:1783272:1239:91061:186826:81852:1350:1351
324212_1777,a88aacf7-e806-4707-89ba-5333fe098618,f9b53105df0f6e165aa09f824bd26cbcb4dfa93a,Classified,barcode03,1351,Enterococcus faecalis,3693,1:131567:2:1783272:1239:91061:186826:81852:1350:1351
324212_1777,ba326405-09be-47d4-9da1-49bc1ae523b3,f9b53105df0f6e165aa09f824bd26cbcb4dfa93a,Classified,barcode03,1280,Staphylococcus aureus,2116,1:131567:2:1783272:1239:91061:1385:90964:1279:1280
324212_1777,5e482279-1781-46d2-9365-148752afee74,f9b53105df0f6e165aa09f824bd26cbcb4dfa93a,Classified,barcode03,1351,Enterococcus faecalis,1259,1:131567:2:1783272:1239:91061:186826:81852:1350:1351
324212_1777,82ff9d2e-6dc0-465e-bab3-66d7e40b8393,f9b53105df0f6e165aa09f824bd26cbcb4dfa93a,Classified,barcode03,1639,Listeria monocytogenes,3392,1:131567:2:1783272:1239:91061:1385:186820:1637:1639
324212_1777,0454d6e7-7af7-4dfe-b13a-e2356f62f9c8,f9b53105df0f6e165aa09f824bd26cbcb4dfa93a,Classified,barcode03,287,Pseudomonas aeruginosa,1324,1:131567:2:1224:1236:72274:135621:286:136841:287
324212_1777,f401eb7c-c5b8-4f23-9629-605ec6e62301,f9b53105df0f6e165aa09f824bd26cbcb4dfa93a,Classified,barcode03,1351,Enterococcus faecalis,2131,1:131567:2:1783272:1239:91061:186826:81852:1350:1351
324212_1777,db26a381-68e7-4bb3-90e6-a262bd55383d,f9b53105df0f6e165aa09f824bd26cbcb4dfa93a,Classified,barcode03,1613,Limosilactobacillus fermentum,794,1:131567:2:1783272:1239:91061:186826:33958:2742598:1613
324212_1777,5b8313de-9069-4912-9b31-a3e68d6b4613,f9b53105df0f6e165aa09f824bd26cbcb4dfa93a,Classified,barcode03,1386,Bacillus,5714,1:131567:2:1783272:1239:91061:1385:186817:1386
324212_1777,1e789a7e-cf9f-4a11-a636-58f5aa60bd95,f9b53105df0f6e165aa09f824bd26cbcb4dfa93a,Classified,barcode03,938142,Salmonella enterica subsp. enterica serovar Choleraesuis str. ATCC 10708,11469,1:131567:2:1224:1236:91347:543:590:28901:59201:119912:938142
324212_1777,ef428a9d-7168-49b8-96ed-88d01d294b39,f9b53105df0f6e165aa09f824bd26cbcb4dfa93a,Classified,barcode03,9606,Homo sapiens,144,1:131567:2759:33154:33208:6072:33213:33511:7711:89593:7742:7776:117570:117571:8287:1338369:32523:32524:40674:32525:9347:1437010:314146:9443:376913:314293:9526:314295:9604:207598:9605:9606
324212_1777,b079c537-854a-40ae-9e3d-c30fd865c2e0,f9b53105df0f6e165aa09f824bd26cbcb4dfa93a,Classified,barcode03,1643,Listeria welshimeri,6006,1:131567:2:1783272:1239:91061:1385:186820:1637:1643
324212_1777,6ce73815-e7ad-4a08-b226-1b09a7ed0e89,f9b53105df0f6e165aa09f824bd26cbcb4dfa93a,Classified,barcode03,28901,Salmonella enterica,4969,1:131567:2:1224:1236:91347:543:590:28901
324212_1777,4a0309bc-383f-450d-9d96-3d05f3c73094,f9b53105df0f6e165aa09f824bd26cbcb4dfa93a,Classified,barcode03,1351,Enterococcus faecalis,1417,1:131567:2:1783272:1239:91061:186826:81852:1350:1351
324212_1777,01e34bfb-555a-4eac-a8ba-7933c43a4378,f9b53105df0f6e165aa09f824bd26cbcb4dfa93a,Classified,barcode03,543,Enterobacteriaceae,1764,1:131567:2:1224:1236:91347:543
324212_1777,95bf2239-ec3d-410d-8d59-a342b75222dd,f9b53105df0f6e165aa09f824bd26cbcb4dfa93a,Unclassified,barcode03,0,-,0,-
324212_1777,e785d085-6ea5-42f1-b032-2e68404b88f2,f9b53105df0f6e165aa09f824bd26cbcb4dfa93a,Classified,barcode03,1280,Staphylococcus aureus,1549,1:131567:2:1783272:1239:91061:1385:90964:1279:1280
324212_1777,e4d0b9be-f64f-49a5-88c9-eede119e4d75,f9b53105df0f6e165aa09f824bd26cbcb4dfa93a,Classified,barcode03,1613,Limosilactobacillus fermentum,3592,1:131567:2:1783272:1239:91061:186826:33958:2742598:1613
324212_1777,0f610b54-53e2-4836-bfb3-c8f6de8dc198,f9b53105df0f6e165aa09f824bd26cbcb4dfa93a,Classified,barcode03,938142,Salmonella enterica subsp. enterica serovar Choleraesuis str. ATCC 10708,4580,1:131567:2:1224:1236:91347:543:590:28901:59201:119912:938142
324212_1777,78ae12c8-949c-4b13-bb0e-04912fe64967,f9b53105df0f6e165aa09f824bd26cbcb4dfa93a,Classified,barcode03,1351,Enterococcus faecalis,3801,1:131567:2:1783272:1239:91061:186826:81852:1350:1351
324212_1777,2fdc85aa-c914-45e2-b689-889f7205dd9f,f9b53105df0f6e165aa09f824bd26cbcb4dfa93a,Classified,barcode03,28901,Salmonella enterica,2939,1:131567:2:1224:1236:91347:543:590:28901
324212_1777,f5b03f59-5f22-4956-9083-dc123b412076,f9b53105df0f6e165aa09f824bd26cbcb4dfa93a,Classified,barcode03,699186,Enterococcus faecalis R712,1402,1:131567:2:1783272:1239:91061:186826:81852:1350:1351:699186
324212_1777,9d88c54c-5786-4da2-878d-ab3f5f548e00,f9b53105df0f6e165aa09f824bd26cbcb4dfa93a,Classified,barcode03,562,Escherichia coli,4995,1:131567:2:1224:1236:91347:543:561:562
324212_1777,7c87c303-7c00-4f7d-b0db-ddcde582926f,f9b53105df0f6e165aa09f824bd26cbcb4dfa93a,Classified,barcode03,287,Pseudomonas aeruginosa,4574,1:131567:2:1224:1236:72274:135621:286:136841:287
324212_1777,59279fe0-bebe-4c51-956a-46de654ba5ae,f9b53105df0f6e165aa09f824bd26cbcb4dfa93a,Classified,barcode03,28901,Salmonella enterica,24603,1:131567:2:1224:1236:91347:543:590:28901
324212_1777,9a08b6e6-f798-4c8d-8e2c-4b6be656f4a7,f9b53105df0f6e165aa09f824bd26cbcb4dfa93a,Unclassified,barcode03,0,-,0,-
324212_1777,1c672f3a-c331-4af9-b84f-706682577088,f9b53105df0f6e165aa09f824bd26cbcb4dfa93a,Classified,barcode03,1280,Staphylococcus aureus,5929,1:131567:2:1783272:1239:91061:1385:90964:1279:1280
324212_1777,2594ab09-a72f-468b-8224-1760eccac9d7,f9b53105df0f6e165aa09f824bd26cbcb4dfa93a,Classified,barcode03,1639,Listeria monocytogenes,3070,1:131567:2:1783272:1239:91061:1385:186820:1637:1639
324212_1777,e976c9a9-5105-4297-b3d1-28f920d8646b,f9b53105df0f6e165aa09f824bd26cbcb4dfa93a,Classified,barcode03,1386,Bacillus,23163,1:131567:2:1783272:1239:91061:1385:186817:1386
324212_1777,a5557acc-3ee3-4d57-b9b5-99f393af0964,f9b53105df0f6e165aa09f824bd26cbcb4dfa93a,Classified,barcode03,562,Escherichia coli,1849,1:131567:2:1224:1236:91347:543:561:562
324212_1777,3082bf60-1908-49db-8917-4fa99fd184e7,f9b53105df0f6e165aa09f824bd26cbcb4dfa93a,Classified,barcode03,1351,Enterococcus faecalis,6960,1:131567:2:1783272:1239:91061:186826:81852:1350:1351
324212_1777,c890e86d-d2ec-4adb-a7e8-369f6a75534c,f9b53105df0f6e165aa09f824bd26cbcb4dfa93a,Classified,barcode03,287,Pseudomonas aeruginosa,2360,1:131567:2:1224:1236:72274:135621:286:136841:287
324212_1777,62c6ab6e-04bf-45a1-9058-9ea848b9a273,f9b53105df0f6e165aa09f824bd26cbcb4dfa93a,Classified,barcode03,938142,Salmonella enterica subsp. enterica serovar Choleraesuis str. ATCC 10708,3625,1:131567:2:1224:1236:91347:543:590:28901:59201:119912:938142
324212_1777,934ca6b1-f673-4d1a-ab7d-2538266847a0,f9b53105df0f6e165aa09f824bd26cbcb4dfa93a,Classified,barcode03,1639,Listeria monocytogenes,6882,1:131567:2:1783272:1239:91061:1385:186820:1637:1639
324212_1777,57519bd1-d9aa-4152-9f31-2ed5ba95965a,f9b53105df0f6e165aa09f824bd26cbcb4dfa93a,Classified,barcode04,1351,Enterococcus faecalis,4457,1:131567:2:1783272:1239:91061:186826:81852:1350:1351
324212_1777,7eb214f2-0f8a-4a5e-a54a-ef1310e5cf24,f9b53105df0f6e165aa09f824bd26cbcb4dfa93a,Classified,barcode04,1613,Limosilactobacillus fermentum,2777,1:131567:2:1783272:1239:91061:186826:33958:2742598:1613
324212_1777,f2a5a26f-589d-4f67-87ce-e1a056a69261,f9b53105df0f6e165aa09f824bd26cbcb4dfa93a,Classified,barcode04,28901,Salmonella enterica,3125,1:131567:2:1224:1236:91347:543:590:28901
324212_1777,fb36b774-c2f6-45b1-9703-eb356900c301,f9b53105df0f6e165aa09f824bd26cbcb4dfa93a,Classified,barcode04,1351,Enterococcus faecalis,8857,1:131567:2:1783272:1239:91061:186826:81852:1350:1351
324212_1777,faca5478-6ae7-40e2-87f2-14812f367792,f9b53105df0f6e165aa09f824bd26cbcb4dfa93a,Classified,barcode04,1399029,Salmonella enterica subsp. enterica serovar Anatum str. CFSAN003961,1225,1:131567:2:1224:1236:91347:543:590:28901:59201:58712:1399029
324212_1777,287f1c85-62b2-476d-a19b-aa92d3b8be10,f9b53105df0f6e165aa09f824bd26cbcb4dfa93a,Classified,barcode04,1351,Enterococcus faecalis,2451,1:131567:2:1783272:1239:91061:186826:81852:1350:1351
324212_1777,1d176b43-05ee-4844-b780-b6716f4af18e,f9b53105df0f6e165aa09f824bd26cbcb4dfa93a,Classified,barcode04,1386,Bacillus,6711,1:131567:2:1783272:1239:91061:1385:186817:1386
324212_1777,4a43885c-8d5a-4822-a530-80a6ec7b4e82,f9b53105df0f6e165aa09f824bd26cbcb4dfa93a,Classified,barcode04,1613,Limosilactobacillus fermentum,2081,1:131567:2:1783272:1239:91061:186826:33958:2742598:1613
324212_1777,4d771791-f7c4-4282-a2a1-706160df554e,f9b53105df0f6e165aa09f824bd26cbcb4dfa93a,Classified,barcode04,1499973,Escherichia marmotae,576,1:131567:2:1224:1236:91347:543:561:1499973
324212_1777,f7f1c6f2-2b49-4d25-bc25-fbf3d5b55b43,f9b53105df0f6e165aa09f824bd26cbcb4dfa93a,Classified,barcode04,562,Escherichia coli,1521,1:131567:2:1224:1236:91347:543:561:562
324212_1777,b3d70226-1f29-401a-82f3-ecaf8fb8ac4e,f9b53105df0f6e165aa09f824bd26cbcb4dfa93a,Classified,barcode04,1340851,Pseudomonas aeruginosa RP73,773,1:131567:2:1224:1236:72274:135621:286:136841:287:1340851
324212_1777,0152eaf9-ab1c-479b-8f1a-2f21de77c66b,f9b53105df0f6e165aa09f824bd26cbcb4dfa93a,Classified,barcode04,1351,Enterococcus faecalis,5331,1:131567:2:1783272:1239:91061:186826:81852:1350:1351
324212_1777,3b8ddcb0-c1bd-457b-accb-7ff7f2a302b5,f9b53105df0f6e165aa09f824bd26cbcb4dfa93a,Classified,barcode04,562,Escherichia coli,4096,1:131567:2:1224:1236:91347:543:561:562
324212_1777,aaacb68d-12de-4520-bc86-5f79bb794178,f9b53105df0f6e165aa09f824bd26cbcb4dfa93a,Classified,barcode04,590,Salmonella,1044,1:131567:2:1224:1236:91347:543:590
324212_1777,ac7e12ab-f389-404c-8580-0292a2a8ec7e,f9b53105df0f6e165aa09f824bd26cbcb4dfa93a,Classified,barcode04,1386,Bacillus,4213,1:131567:2:1783272:1239:91061:1385:186817:1386
324212_1777,2b96f81d-e8f4-48fc-898f-5d30ee4edf30,f9b53105df0f6e165aa09f824bd26cbcb4dfa93a,Classified,barcode04,1045010,Escherichia coli O157,1853,1:131567:2:1224:1236:91347:543:561:562:1045010
324212_1777,8b27bdaa-120c-491a-b03f-5a35ba5a4b3c,f9b53105df0f6e165aa09f824bd26cbcb4dfa93a,Classified,barcode04,1351,Enterococcus faecalis,2141,1:131567:2:1783272:1239:91061:186826:81852:1350:1351
324212_1777,914f66e5-2601-409d-a297-1f9f16f8ff27,f9b53105df0f6e165aa09f824bd26cbcb4dfa93a,Classified,barcode04,1351,Enterococcus faecalis,4502,1:131567:2:1783272:1239:91061:186826:81852:1350:1351
324212_1777,afe62484-4ea7-4e8f-825f-49af46a9504b,f9b53105df0f6e165aa09f824bd26cbcb4dfa93a,Classified,barcode04,543,Enterobacteriaceae,144,1:131567:2:1224:1236:91347:543
324212_1777,d9dc4861-a964-4708-b6cc-bffd3688648c,f9b53105df0f6e165aa09f824bd26cbcb4dfa93a,Classified,barcode04,1963032,Bacillus intestinalis,16945,1:131567:2:1783272:1239:91061:1385:186817:1386:1963032
324212_1777,3f9bde91-c2e6-495f-b0a5-53e5badc4ebb,f9b53105df0f6e165aa09f824bd26cbcb4dfa93a,Classified,barcode04,1279,Staphylococcus,1024,1:131567:2:1783272:1239:91061:1385:90964:1279
324212_1777,1eced9ee-9cc6-4baf-a8cc-40a8d2b9f6ff,f9b53105df0f6e165aa09f824bd26cbcb4dfa93a,Classified,barcode04,287,Pseudomonas aeruginosa,2799,1:131567:2:1224:1236:72274:135621:286:136841:287
324212_1777,970fd43f-83e6-4810-a0fd-c5855b7a74de,f9b53105df0f6e165aa09f824bd26cbcb4dfa93a,Classified,barcode04,1280,Staphylococcus aureus,1490,1:131567:2:1783272:1239:91061:1385:90964:1279:1280
324212_1777,d3305f4e-b157-426b-a93f-f5e4dd982918,f9b53105df0f6e165aa09f824bd26cbcb4dfa93a,Classified,barcode04,1351,Enterococcus faecalis,7090,1:131567:2:1783272:1239:91061:186826:81852:1350:1351
324212_1777,010ef81b-a28d-468a-9014-6339f70add2a,f9b53105df0f6e165aa09f824bd26cbcb4dfa93a,Unclassified,barcode04,0,-,0,-
324212_1777,0a755e0a-3294-40e6-89a0-76d40a5df888,f9b53105df0f6e165aa09f824bd26cbcb4dfa93a,Classified,barcode04,287,Pseudomonas aeruginosa,4712,1:131567:2:1224:1236:72274:135621:286:136841:287
324212_1777,44834aa6-4cf3-4f7c-b5d0-1773a661a5a8,f9b53105df0f6e165aa09f824bd26cbcb4dfa93a,Classified,barcode04,1639,Listeria monocytogenes,12214,1:131567:2:1783272:1239:91061:1385:186820:1637:1639
324212_1777,7cbd8b98-32b0-4949-b561-3f726c351e6f,f9b53105df0f6e165aa09f824bd26cbcb4dfa93a,Classified,barcode04,9606,Homo sapiens,225,1:131567:2759:33154:33208:6072:33213:33511:7711:89593:7742:7776:117570:117571:8287:1338369:32523:32524:40674:32525:9347:1437010:314146:9443:376913:314293:9526:314295:9604:207598:9605:9606
324212_1777,32d73b8a-ef44-439c-aa0c-0c8fa235a55e,f9b53105df0f6e165aa09f824bd26cbcb4dfa93a,Classified,barcode04,1613,Limosilactobacillus fermentum,1402,1:131567:2:1783272:1239:91061:186826:33958:2742598:1613
324212_1777,5339588d-19ab-40e2-bcd3-5324416d21f5,f9b53105df0f6e165aa09f824bd26cbcb4dfa93a,Classified,barcode04,28901,Salmonella enterica,3256,1:131567:2:1224:1236:91347:543:590:28901
324212_1777,f7a5b810-6935-40d6-932a-afcd2b4fd99a,f9b53105df0f6e165aa09f824bd26cbcb4dfa93a,Classified,barcode04,28901,Salmonella enterica,729,1:131567:2:1224:1236:91347:543:590:28901
324212_1777,2263e7c7-df60-4098-839d-149835ca4d0e,f9b53105df0f6e165aa09f824bd26cbcb4dfa93a,Classified,barcode04,1280,Staphylococcus aureus,4372,1:131567:2:1783272:1239:91061:1385:90964:1279:1280
324212_1777,0783e9cd-e273-4c11-9201-f5a69750f698,f9b53105df0f6e165aa09f824bd26cbcb4dfa93a,Classified,barcode04,1613,Limosilactobacillus fermentum,9743,1:131567:2:1783272:1239:91061:186826:33958:2742598:1613
324212_1777,6d469fbb-a787-4cb8-89f1-3786e5c3bd28,f9b53105df0f6e165aa09f824bd26cbcb4dfa93a,Classified,barcode04,562,Escherichia coli,2593,1:131567:2:1224:1236:91347:543:561:562
324212_1777,5c6b5477-a703-4a02-8902-00c47ed8df2c,f9b53105df0f6e165aa09f824bd26cbcb4dfa93a,Classified,barcode04,562,Escherichia coli,3986,1:131567:2:1224:1236:91347:543:561:562
324212_1777,96006236-012d-4fa0-ab62-efc92c8a12fa,f9b53105df0f6e165aa09f824bd26cbcb4dfa93a,Classified,barcode04,1280,Staphylococcus aureus,802,1:131567:2:1783272:1239:91061:1385:90964:1279:1280
324212_1777,ee5967e7-8ae3-4650-912b-a4cf76891bb7,f9b53105df0f6e165aa09f824bd26cbcb4dfa93a,Classified,barcode04,1613,Limosilactobacillus fermentum,884,1:131567:2:1783272:1239:91061:186826:33958:2742598:1613
324212_1777,2f246b35-4937-4303-a998-f2ba50238531,f9b53105df0f6e165aa09f824bd26cbcb4dfa93a,Classified,barcode04,562,Escherichia coli,4880,1:131567:2:1224:1236:91347:543:561:562
324212_1777,0e737632-0b6e-4e27-96f8-a2e473c09bc9,f9b53105df0f6e165aa09f824bd26cbcb4dfa93a,Classified,barcode04,287,Pseudomonas aeruginosa,2099,1:131567:2:1224:1236:72274:135621:286:136841:287
324212_1777,b6db9eb2-b0da-48a5-bfbd-424ef2b189fc,f9b53105df0f6e165aa09f824bd26cbcb4dfa93a,Classified,barcode04,1639,Listeria monocytogenes,4461,1:131567:2:1783272:1239:91061:1385:186820:1637:1639
324212_1777,f1873ded-2f8c-4c7f-802c-11073b8b9bc2,f9b53105df0f6e165aa09f824bd26cbcb4dfa93a,Classified,barcode04,1639,Listeria monocytogenes,1247,1:131567:2:1783272:1239:91061:1385:186820:1637:1639
324212_1777,6a64d222-2ea5-48a1-82dd-9834fc578916,f9b53105df0f6e165aa09f824bd26cbcb4dfa93a,Classified,barcode04,1351,Enterococcus faecalis,3201,1:131567:2:1783272:1239:91061:186826:81852:1350:1351
324212_1777,67172737-fb09-4e27-9133-e2431eaa1950,f9b53105df0f6e165aa09f824bd26cbcb4dfa93a,Classified,barcode04,1639,Listeria monocytogenes,2531,1:131567:2:1783272:1239:91061:1385:186820:1637:1639
324212_1777,b0e02f90-b4e6-4465-b1d6-82658658ca63,f9b53105df0f6e165aa09f824bd26cbcb4dfa93a,Classified,barcode04,559292,Saccharomyces cerevisiae S288C,2353,1:131567:2759:33154:4751:451864:4890:716545:147537:4891:4892:4893:4930:4932:559292
324212_1777,a83f025d-f185-4af9-8c34-a48159262b38,f9b53105df0f6e165aa09f824bd26cbcb4dfa93a,Classified,barcode04,562,Escherichia coli,7177,1:131567:2:1224:1236:91347:543:561:562
324212_1777,e892c00a-1164-4bd3-8d00-4710f295fbff,f9b53105df0f6e165aa09f824bd26cbcb4dfa93a,Classified,barcode04,1279,Staphylococcus,5429,1:131567:2:1783272:1239:91061:1385:90964:1279
324212_1777,1800fb2a-26f9-4a48-9b5f-f0091992769c,f9b53105df0f6e165aa09f824bd26cbcb4dfa93a,Classified,barcode04,1280,Staphylococcus aureus,784,1:131567:2:1783272:1239:91061:1385:90964:1279:1280
324212_1777,2d5d90e7-5841-48d1-8b2c-7cc640f286e1,f9b53105df0f6e165aa09f824bd26cbcb4dfa93a,Classified,barcode04,1639,Listeria monocytogenes,6893,1:131567:2:1783272:1239:91061:1385:186820:1637:1639
324212_1777,86ea8416-4bdd-4cc3-82dd-97474d2b4ad3,f9b53105df0f6e165aa09f824bd26cbcb4dfa93a,Unclassified,barcode04,0,-,0,-
324212_1777,5f658928-7c4e-4d6e-82d8-633d5b225b5a,f9b53105df0f6e165aa09f824bd26cbcb4dfa93a,Classified,barcode04,543,Enterobacteriaceae,324,1:131567:2:1224:1236:91347:543
324212_1777,bd26569c-b868-4bd4-a8f3-fd2c3bba492c,f9b53105df0f6e165aa09f824bd26cbcb4dfa93a,Classified,barcode04,562,Escherichia coli,5776,1:131567:2:1224:1236:91347:543:561:562
324212_1777,3e66a761-e502-4dbb-b5d1-4ac8b0f6c90c,f9b53105df0f6e165aa09f824bd26cbcb4dfa93a,Classified,barcode04,562,Escherichia coli,3844,1:131567:2:1224:1236:91347:543:561:562
324212_1777,529597e2-cf4f-4c38-9e75-eadba017414b,f9b53105df0f6e165aa09f824bd26cbcb4dfa93a,Classified,barcode04,562,Escherichia coli,1876,1:131567:2:1224:1236:91347:543:561:562
324212_1777,3a91f16c-41ae-40b8-bc60-c6bfe9cbb259,f9b53105df0f6e165aa09f824bd26cbcb4dfa93a,Unclassified,barcode04,0,-,0,-
324212_1777,dbdaf8c6-a0a1-45f7-9abd-c2cfa9b6f89c,f9b53105df0f6e165aa09f824bd26cbcb4dfa93a,Classified,barcode04,1279008,Pseudomonas aeruginosa PA1R,4459,1:131567:2:1224:1236:72274:135621:286:136841:287:1279008
324212_1777,3b3a691c-b1fa-4eb5-b106-29de5c8bb650,f9b53105df0f6e165aa09f824bd26cbcb4dfa93a,Classified,barcode04,938142,Salmonella enterica subsp. enterica serovar Choleraesuis str. ATCC 10708,17761,1:131567:2:1224:1236:91347:543:590:28901:59201:119912:938142
324212_1777,f2166f67-8c2b-490d-9c30-77c53f99f9f4,f9b53105df0f6e165aa09f824bd26cbcb4dfa93a,Classified,barcode04,1351,Enterococcus faecalis,11216,1:131567:2:1783272:1239:91061:186826:81852:1350:1351
324212_1777,49b9d093-3e88-408c-9f7f-8b5ce963c706,f9b53105df0f6e165aa09f824bd26cbcb4dfa93a,Classified,barcode04,1386,Bacillus,32874,1:131567:2:1783272:1239:91061:1385:186817:1386
324212_1777,8e5f1d49-97f1-4f86-b4ad-0f411e085dcf,f9b53105df0f6e165aa09f824bd26cbcb4dfa93a,Classified,barcode04,287,Pseudomonas aeruginosa,3257,1:131567:2:1224:1236:72274:135621:286:136841:287
324212_1777,a32b61d6-8652-4846-9230-e7bb08b22608,f9b53105df0f6e165aa09f824bd26cbcb4dfa93a,Classified,barcode04,308354,Staphylococcus simiae,1024,1:131567:2:1783272:1239:91061:1385:90964:1279:308354
324212_1777,5340d513-afe2-4b01-9c6c-434e0f02cd68,f9b53105df0f6e165aa09f824bd26cbcb4dfa93a,Classified,barcode04,28901,Salmonella enterica,5690,1:131567:2:1224:1236:91347:543:590:28901
324212_1777,a4138be0-c414-4c8d-ab00-15e4da058ec3,f9b53105df0f6e165aa09f824bd26cbcb4dfa93a,Classified,barcode04,1381124,Lactobacillus fermentum 3872,1378,1:131567:2:1783272:1239:91061:186826:33958:2742598:1613:1381124
324212_1777,f4cb9a72-4d05-4e56-bf12-87ca89e901fb,f9b53105df0f6e165aa09f824bd26cbcb4dfa93a,Classified,barcode04,1613,Limosilactobacillus fermentum,6113,1:131567:2:1783272:1239:91061:186826:33958:2742598:1613
324212_1777,13ca0915-b9be-47b0-8f6a-7617bfb59d7b,f9b53105df0f6e165aa09f824bd26cbcb4dfa93a,Unclassified,barcode04,0,-,0,-
324212_1777,fb1e1c9b-34ad-454a-bdcc-e6b6a86eab40,f9b53105df0f6e165aa09f824bd26cbcb4dfa93a,Classified,barcode04,1386,Bacillus,11962,1:131567:2:1783272:1239:91061:1385:186817:1386
324212_1777,61e4cc85-bf96-4fcc-9a01-8bc7ea4cc2e2,f9b53105df0f6e165aa09f824bd26cbcb4dfa93a,Classified,barcode04,544,Citrobacter,1936,1:131567:2:1224:1236:91347:543:544
324212_1777,45d3a7c0-a12d-4163-a42e-4126c4710627,f9b53105df0f6e165aa09f824bd26cbcb4dfa93a,Classified,barcode04,1639,Listeria monocytogenes,6005,1:131567:2:1783272:1239:91061:1385:186820:1637:1639
324212_1777,6c77c17f-6662-43bf-950c-7382bad3e9ae,f9b53105df0f6e165aa09f824bd26cbcb4dfa93a,Classified,barcode04,287,Pseudomonas aeruginosa,12997,1:131567:2:1224:1236:72274:135621:286:136841:287
324212_1777,9ee33e74-4b0f-4cb5-98e7-5fed79358df2,f9b53105df0f6e165aa09f824bd26cbcb4dfa93a,Classified,barcode04,1639,Listeria monocytogenes,6475,1:131567:2:1783272:1239:91061:1385:186820:1637:1639
324212_1777,79396951-919c-4b8b-b0c4-fa6df911f1d1,f9b53105df0f6e165aa09f824bd26cbcb4dfa93a,Classified,barcode04,1280,Staphylococcus aureus,2601,1:131567:2:1783272:1239:91061:1385:90964:1279:1280
324212_1777,2c8134e7-8a23-4d6f-a803-641f005147b9,f9b53105df0f6e165aa09f824bd26cbcb4dfa93a,Classified,barcode04,1386,Bacillus,27741,1:131567:2:1783272:1239:91061:1385:186817:1386
324212_1777,5f0e085e-da16-426d-aa96-6e493e4fd176,f9b53105df0f6e165aa09f824bd26cbcb4dfa93a,Classified,barcode04,186826,Lactobacillales,1765,1:131567:2:1783272:1239:91061:186826
324212_1777,d35c7f9b-1d97-4e41-a064-5c5cae06841f,f9b53105df0f6e165aa09f824bd26cbcb4dfa93a,Classified,barcode04,1351,Enterococcus faecalis,1341,1:131567:2:1783272:1239:91061:186826:81852:1350:1351
324212_1777,c645f5e7-d9ce-40a2-90c4-945eb94a4a14,f9b53105df0f6e165aa09f824bd26cbcb4dfa93a,Classified,barcode04,1280,Staphylococcus aureus,441,1:131567:2:1783272:1239:91061:1385:90964:1279:1280
324212_1777,f964c3fb-5458-4ca7-9a7e-239762b98a4e,f9b53105df0f6e165aa09f824bd26cbcb4dfa93a,Classified,barcode04,2044467,Escherichia sp. E4742,4346,1:131567:2:1224:1236:91347:543:561:2608889:2044467
324212_1777,80e064b1-dc49-42cf-90a0-f1946d233252,f9b53105df0f6e165aa09f824bd26cbcb4dfa93a,Classified,barcode04,1351,Enterococcus faecalis,2836,1:131567:2:1783272:1239:91061:186826:81852:1350:1351
324212_1777,daab7302-388b-464d-b9c6-b6d59ed7a8e2,f9b53105df0f6e165aa09f824bd26cbcb4dfa93a,Classified,barcode04,334390,Lactobacillus fermentum IFO 3956,3155,1:131567:2:1783272:1239:91061:186826:33958:2742598:1613:334390
324212_1777,86b946a6-1e5a-46d1-9b17-c7e459a2e365,f9b53105df0f6e165aa09f824bd26cbcb4dfa93a,Classified,barcode04,559292,Saccharomyces cerevisiae S288C,2159,1:131567:2759:33154:4751:451864:4890:716545:147537:4891:4892:4893:4930:4932:559292
324212_1777,087be274-c40b-4e80-bfdd-03a373099030,f9b53105df0f6e165aa09f824bd26cbcb4dfa93a,Classified,barcode04,1280,Staphylococcus aureus,6691,1:131567:2:1783272:1239:91061:1385:90964:1279:1280
324212_1777,8e1d2fe1-91dd-473a-8621-fe1b7311dca5,f9b53105df0f6e165aa09f824bd26cbcb4dfa93a,Classified,barcode04,1386,Bacillus,9661,1:131567:2:1783272:1239:91061:1385:186817:1386
324212_1777,90c79d9b-6dfa-4b60-b5ce-6cc38340bb53,f9b53105df0f6e165aa09f824bd26cbcb4dfa93a,Classified,barcode04,1613,Limosilactobacillus fermentum,1893,1:131567:2:1783272:1239:91061:186826:33958:2742598:1613
324212_1777,e9711fdc-dece-45a2-b339-cb8cfe0f1c78,f9b53105df0f6e165aa09f824bd26cbcb4dfa93a,Classified,barcode04,1280,Staphylococcus aureus,4210,1:131567:2:1783272:1239:91061:1385:90964:1279:1280
324212_1777,66283667-6479-4d9b-a750-eb63e7902683,f9b53105df0f6e165aa09f824bd26cbcb4dfa93a,Classified,barcode04,1386,Bacillus,2624,1:131567:2:1783272:1239:91061:1385:186817:1386
324212_1777,09659db2-8717-4ed1-ad2f-a49d4c6d5d95,f9b53105df0f6e165aa09f824bd26cbcb4dfa93a,Classified,barcode04,1351,Enterococcus faecalis,2886,1:131567:2:1783272:1239:91061:186826:81852:1350:1351
324212_1777,19b43467-7c4b-48fe-8538-5ecd177526f2,f9b53105df0f6e165aa09f824bd26cbcb4dfa93a,Classified,barcode04,28901,Salmonella enterica,2873,1:131567:2:1224:1236:91347:543:590:28901
324212_1777,529c858c-7afb-48ba-b728-27c2526b690d,f9b53105df0f6e165aa09f824bd26cbcb4dfa93a,Classified,barcode04,1386,Bacillus,4451,1:131567:2:1783272:1239:91061:1385:186817:1386
324212_1777,aa2e8201-8dab-41fe-9917-6906a2918a96,f9b53105df0f6e165aa09f824bd26cbcb4dfa93a,Classified,barcode04,287,Pseudomonas aeruginosa,2675,1:131567:2:1224:1236:72274:135621:286:136841:287
324212_1777,4a2663e6-b2b8-4ffe-b46c-8123c7d91f2a,f9b53105df0f6e165aa09f824bd26cbcb4dfa93a,Classified,barcode04,559292,Saccharomyces cerevisiae S288C,13291,1:131567:2759:33154:4751:451864:4890:716545:147537:4891:4892:4893:4930:4932:559292
324212_1777,2ced1d54-6692-4a04-bd33-2c816e0ca176,f9b53105df0f6e165aa09f824bd26cbcb4dfa93a,Classified,barcode04,562,Escherichia coli,6400,1:131567:2:1224:1236:91347:543:561:562
324212_1777,64572e08-0583-4208-8f28-ef1f71e88efd,f9b53105df0f6e165aa09f824bd26cbcb4dfa93a,Unclassified,barcode04,0,-,0,-
324212_1777,2f11d822-61ca-4ba5-b67d-516b8ceef74a,f9b53105df0f6e165aa09f824bd26cbcb4dfa93a,Classified,barcode04,287,Pseudomonas aeruginosa,2809,1:131567:2:1224:1236:72274:135621:286:136841:287
324212_1777,8933749b-0050-470c-b945-6c873223ebba,f9b53105df0f6e165aa09f824bd26cbcb4dfa93a,Classified,barcode04,287,Pseudomonas aeruginosa,10137,1:131567:2:1224:1236:72274:135621:286:136841:287
324212_1777,336291f1-7672-4ab6-9d90-1eadf088c340,f9b53105df0f6e165aa09f824bd26cbcb4dfa93a,Classified,barcode04,1351,Enterococcus faecalis,19357,1:131567:2:1783272:1239:91061:186826:81852:1350:1351
324212_1777,e3925df0-59a6-4d34-a1b5-3d7e2f287a3c,f9b53105df0f6e165aa09f824bd26cbcb4dfa93a,Classified,barcode04,1351,Enterococcus faecalis,5247,1:131567:2:1783272:1239:91061:186826:81852:1350:1351
324212_1777,188d8917-9e07-479a-a667-ec04ab81bd54,f9b53105df0f6e165aa09f824bd26cbcb4dfa93a,Classified,barcode04,1613,Limosilactobacillus fermentum,2899,1:131567:2:1783272:1239:91061:186826:33958:2742598:1613
324212_1777,08ecb923-3684-4b7f-8a54-d7eba668e67c,f9b53105df0f6e165aa09f824bd26cbcb4dfa93a,Classified,barcode04,1386,Bacillus,14971,1:131567:2:1783272:1239:91061:1385:186817:1386
324212_1777,6926d82c-8a8d-4203-bdd0-3076aa862b13,f9b53105df0f6e165aa09f824bd26cbcb4dfa93a,Classified,barcode04,1639,Listeria monocytogenes,19946,1:131567:2:1783272:1239:91061:1385:186820:1637:1639
324212_1777,c14fadb8-7fe0-4c69-974f-bd6888e149f3,f9b53105df0f6e165aa09f824bd26cbcb4dfa93a,Classified,barcode04,1613,Limosilactobacillus fermentum,2602,1:131567:2:1783272:1239:91061:186826:33958:2742598:1613
324212_1777,8dd0ca6b-8b8d-478d-acd5-44fdf7007867,f9b53105df0f6e165aa09f824bd26cbcb4dfa93a,Classified,barcode04,287,Pseudomonas aeruginosa,485,1:131567:2:1224:1236:72274:135621:286:136841:287
324212_1777,b73612ac-c673-4fa5-8f7f-eb8e1700c208,f9b53105df0f6e165aa09f824bd26cbcb4dfa93a,Classified,barcode04,1386,Bacillus,21859,1:131567:2:1783272:1239:91061:1385:186817:1386
324212_1777,c6b99663-a514-4210-8c03-d17e9ceb7d56,f9b53105df0f6e165aa09f824bd26cbcb4dfa93a,Classified,barcode04,1639,Listeria monocytogenes,13821,1:131567:2:1783272:1239:91061:1385:186820:1637:1639
324212_1777,ec16c59a-7245-41dc-b754-2c07d6d91414,f9b53105df0f6e165aa09f824bd26cbcb4dfa93a,Classified,barcode04,562,Escherichia coli,2209,1:131567:2:1224:1236:91347:543:561:562
324212_1777,1568840b-597a-4692-af78-6fe2ceb11822,f9b53105df0f6e165aa09f824bd26cbcb4dfa93a,Classified,barcode04,9606,Homo sapiens,4645,1:131567:2759:33154:33208:6072:33213:33511:7711:89593:7742:7776:117570:117571:8287:1338369:32523:32524:40674:32525:9347:1437010:314146:9443:376913:314293:9526:314295:9604:207598:9605:9606
324212_1777,3958ae4b-1299-492b-a964-a2f2d078fb29,f9b53105df0f6e165aa09f824bd26cbcb4dfa93a,Classified,barcode04,28901,Salmonella enterica,3802,1:131567:2:1224:1236:91347:543:590:28901
324212_1777,a7bf99de-51d4-4c1f-a6e4-863ec0d8139b,f9b53105df0f6e165aa09f824bd26cbcb4dfa93a,Classified,barcode04,1287066,Enterococcus faecalis DENG1,2970,1:131567:2:1783272:1239:91061:186826:81852:1350:1351:1287066
324212_1777,e883fc19-6d03-4034-a6cf-dd9c87d2fa64,f9b53105df0f6e165aa09f824bd26cbcb4dfa93a,Classified,barcode04,559292,Saccharomyces cerevisiae S288C,2162,1:131567:2759:33154:4751:451864:4890:716545:147537:4891:4892:4893:4930:4932:559292
324212_1777,50b353c6-1c40-4b55-a29e-36314eba8a4d,f9b53105df0f6e165aa09f824bd26cbcb4dfa93a,Classified,barcode04,1351,Enterococcus faecalis,8979,1:131567:2:1783272:1239:91061:186826:81852:1350:1351
324212_1777,24ccf7ae-6986-442a-8369-c06e1760ad5e,f9b53105df0f6e165aa09f824bd26cbcb4dfa93a,Classified,barcode04,1613,Limosilactobacillus fermentum,1971,1:131567:2:1783272:1239:91061:186826:33958:2742598:1613
324212_1777,7fc8d029-177d-4b1a-9977-1c9893734fc8,f9b53105df0f6e165aa09f824bd26cbcb4dfa93a,Unclassified,barcode04,0,-,0,-
324212_1777,ea0e670f-c2b9-4774-ad45-39fe9a68c5fc,f9b53105df0f6e165aa09f824bd26cbcb4dfa93a,Classified,barcode04,1351,Enterococcus faecalis,4487,1:131567:2:1783272:1239:91061:186826:81852:1350:1351
324212_1777,ef832a57-510d-442c-befc-5e7daadbae9e,f9b53105df0f6e165aa09f824bd26cbcb4dfa93a,Classified,barcode04,287,Pseudomonas aeruginosa,3364,1:131567:2:1224:1236:72274:135621:286:136841:287
324212_1777,9b4742c7-9336-4bf9-a089-4480415a423a,f9b53105df0f6e165aa09f824bd26cbcb4dfa93a,Classified,barcode04,287,Pseudomonas aeruginosa,3086,1:131567:2:1224:1236:72274:135621:286:136841:287
324212_1777,31a20a8a-b4df-4a74-978d-9ecbffccfb9d,f9b53105df0f6e165aa09f824bd26cbcb4dfa93a,Classified,barcode04,1613,Limosilactobacillus fermentum,773,1:131567:2:1783272:1239:91061:186826:33958:2742598:1613
324212_1777,c521fc1a-d4b7-4485-a58d-2bb0ae4aa45c,f9b53105df0f6e165aa09f824bd26cbcb4dfa93a,Classified,barcode04,1639,Listeria monocytogenes,3721,1:131567:2:1783272:1239:91061:1385:186820:1637:1639
324212_1777,7e27f9d4-4443-4098-971c-68808fdd709c,f9b53105df0f6e165aa09f824bd26cbcb4dfa93a,Classified,barcode04,562,Escherichia coli,9731,1:131567:2:1224:1236:91347:543:561:562